segment,name,website,city,email,verified,verify_note,fit_final,fit_score,owner_name,phone,review_signal,site_signals,signals,why_now,email_source
agencies,Abstrakt,https://weareabstrakt.com/,Nottingham,studio@weareabstrakt.com,True,email seen on site,5,5,"Lauren Williams (Co-Founder, Managing Director)",+44 (0)115 870 0511,,"email,form,phone,reviews,social_fb,social_ig,social_li","brief_form,contact_form,case_studies","Their contact page routes people to a separate 'project enquiry form' and their Insights blog just published '20 years of Abstrakt - what changed, what didn't, and what's next' plus a 2025 client-feedback write-up, so triage and first-response speed on new briefs is a live topic for a B Corp studio that sells on client experience.",https://weareabstrakt.com/contact/
agencies,Bubble Design & Marketing,https://www.bubbledesign.co.uk/,"Retford, Nottinghamshire",studio@bubbledesign.co.uk,True,email seen on site,5,4,Chris Peacock (Managing Director),01777 702255,,"crm_forms,email,form,hours,phone,social_fb,social_ig,social_li,whatsapp","contact_form,case_studies","Blog posts dated 20-21 July 2026 announce they are UK Agency Awards 2026 finalists and welcome a new hire (Maddy), with a 'We're hiring!' banner and a callback form addressed to Chris personally - inbound is growing faster than the MD's inbox can qualify it.",https://www.bubbledesign.co.uk/contact/
agencies,Midnight Communications,https://www.midnight.co.uk/,Brighton,hello@midnight.co.uk,True,email seen on site,5,4,Flo Powell & Alex Hankinson (Joint Managing Directors),01273 666 200,,"crm_forms,ecommerce,email,form,hours,payments,phone,social_ig,social_li","contact_form,case_studies","Positioned as 'the PR agency for the responsible economy' serving insurance, professional-advisory and HR clients, and their latest article argues 'Poor employer brand reputation is costing accountancy firms' - a proof-driven B2B shop that should be able to show fast, consistent first responses to its own enquiries.",https://www.midnight.co.uk/contact
agencies,Bullet PR,https://www.bulletpr.co.uk/,Brighton,pandora@bulletpr.co.uk,True,email seen on site,3,3,Pandora George (Founder and Director),01273 775 520,,"booking,ecommerce,email,form,phone,social_fb,social_ig,social_li",,"There is no contact form at all - the founder's personal email and mobile are the only route in for arts, heritage and travel clients like Union Chapel and Royal Pavilion, so every enquiry, pitch and press request lands directly on Pandora.",https://www.bulletpr.co.uk/contact
agencies,Wrise,https://wrise.co.uk/,Manchester (Bury),hello@wrise.co.uk,True,email seen on site,5,5,Rob Truslove (Founder),0161 533 0593,,"ecommerce,email,form,hours,payments,phone,social_fb,social_li","contact_form,case_studies",Their contact page promises 'We reply within one working day' and their model is 'We earn your business every month. No long contracts' - a rolling-retainer SEO shop for small businesses (250+ clients since 2011) where inbound response speed directly protects revenue.,https://wrise.co.uk/contact/
agencies,Something Familiar,https://somethingfamiliar.co.uk/,Bristol,projects@somethingfamiliar.co.uk,True,email seen on site,5,5,,+44 (0) 117 329 3443,,"crm_forms,email,form,payments,phone,social_ig,social_li,whatsapp","brief_form,contact_form,case_studies","Their 'Start a Project' form already captures budget range, deadline and service type, and their latest blog posts are 'Moments of Change: Leading a Business Through Growth' and 'Our Vision for AI' - a B Corp studio publicly thinking about AI and scaling, with a structured brief pipeline that is ready to be triaged.",https://somethingfamiliar.co.uk/contact
agencies,Design Militia,https://designmilitia.co.uk/,Bristol,contact@designmilitia.co.uk,True,email seen on site,4,4,Tim Smalley & Dan Stewart (Founders),(+44) 0117 2140501,,"email,phone",case_studies,"Their 'Start a project' button is a bare mailto link with no form, so every unqualified brief arrives as free-text email to a two-founder studio that has shipped B2B conversion projects like 'GPS Links - How we increased B2B conversion and enquiries' for clients.",https://designmilitia.co.uk/
agencies,People Matters HR,https://www.peoplemattershr.co.uk/,Manchester (Ramsbottom),enquiries@peoplemattershr.co.uk,True,email seen on site,5,4,Niel Cope (CEO) & Yvonne Cope (Director),0161 738 1808,,"crm_forms,ecommerce,email,form,hours,phone,social_fb,social_li",contact_form,"A husband-and-wife-led HR consultancy (est. 2011) serving SMEs across the North West with an 8-person team; HR enquiries are often urgent (disciplinaries, grievances) so a one-hour triage and drafted first response is a clear service upgrade over a generic enquiries@ inbox.",https://www.peoplemattershr.co.uk/contact-us/
agencies,Prohibition PR,https://www.prohibitionpr.co.uk/,Leeds,info@prohibitionpr.co.uk,True,email seen on site,3,3,Chris Norton (Managing Director),0113 430 4160,,"email,phone","contact_form,case_studies","Founder-led since 2012, now '25+ highly skilled PR practitioners' with 45+ awards and a PRWeek Top 150 listing - at this size new-business enquiries, journalist requests and client briefs all compete in one info@ inbox and an MD-owned pipeline.",https://www.prohibitionpr.co.uk/contact/
agencies,Nine Twenty Recruitment,https://www.weareninetwenty.com/,Glasgow,info@weareninetwenty.com,True,email seen on site,4,3,Gordon Brown & Ruaridh Kilgour (Co-Founders),0141 640 0620,,"email,form,phone,social_fb,social_ig,social_li",contact_form,"They run separate info@ and applications@ inboxes with live job listings dated 26-28 August, so the team is triaging a constant stream of candidate applications and employer briefs by hand across two shared mailboxes.",https://www.weareninetwenty.com/
agencies,Reed & Co Accountants,https://www.reedaccountants.co.uk/,Bristol,info@reedaccountants.co.uk,True,email seen on site,4,3,Paul Reed FMAAT (Director & Principal Accountant),0117 251 1000,,"email,form,hours,phone,reviews,social_fb,social_li","contact_form,live_chat",Homepage advertises hours of 'Mon-Fri: 8:00am - 8:00pm / Sat: 9:00am - 1:00pm' with a 'Talk to us' chat box promising 'We'll reply within 1 business day' - a 500+ client practice manually covering a 12-hour window that an approval-gated AI desk could hold to under an hour.,https://www.reedaccountants.co.uk/contact
agencies,We Are Hype,https://wearehype.co.uk/,Edinburgh,hello@wearehype.co.uk,True,email seen on site,4,3,Hamzah Sher (Managing Director),0131 339 6974,,"crm_forms,email,form,phone,social_fb,social_ig,social_li,whatsapp","brief_form,contact_form,whatsapp,case_studies","Their contact page states 'A senior person reads every brief. Expect a considered reply within one working day' - a family-run agency (founded 2009) that has made senior first-response its promise, which is exactly the workload an AI desk drafts for the MD to approve.",https://wearehype.co.uk/contact
agencies,Red Sky Digital,https://redskydigital.co.uk/,Edinburgh,hello@redskydigital.co.uk,True,email seen on site,4,3,,07743 198 444,,"crm_forms,email,form,phone,social_fb,social_ig,social_li,whatsapp","contact_form,case_studies","Their contact form leads with a 'Free Audit' option and a service selector (Google Ads, Meta Ads, SEO, Web Design), so every lead-magnet submission needs qualifying and a tailored first reply from a small team reachable only on a mobile number.",https://redskydigital.co.uk/contact/
agencies,Firefly Design Agency,https://firefly-uk.com/,Edinburgh,hello@firefly-uk.com,True,email seen on site,5,4,Ben Walker (Creative Director),+44 (0) 131 510 8260,,"email,form,phone,social_fb,social_ig,social_li","brief_form,case_studies","Their enquiry form asks for budget band (below GBP 5,000 to over GBP 30,000), preferred contact method and a preferred date/time - meaning someone is manually reading budgets and scheduling calls off a form; they just marked '10 years and counting' on the journal.",https://firefly-uk.com/contact
agencies,LBD Studio,https://lbd.studio/,Edinburgh,hello@lbd.studio,True,email seen on site,4,3,Liam Bonar (Founder),+44 (0) 131 235 1055,,"email,form,hours,payments,phone,reviews,social_fb,social_ig,social_li,whatsapp","contact_form,case_studies","A 'small team of senior creatives' with 5.0 Google and 4.6 Trustpilot ratings and professional-services clients like Blackadders - every hour a senior designer spends triaging hello@ is billable time lost, and they have no junior layer to absorb it.",https://lbd.studio/
agencies,Spark*,https://www.sparkopportunities.com/,London,hello@sparkopportunities.com,True,email seen on site,4,3,,07958202983,,"email,form,phone,social_li",contact_form,"The site runs three separate intake forms (general enquiry, candidate application with CV upload, client/partner brief) into a boutique creative-recruitment team reachable on a mobile - candidate and client triage is the whole job and it is all manual.",https://www.sparkopportunities.com/
agencies,Yours Sincerely,https://yourssincerely.online/,Bristol,team@yourssincerely.online,True,email seen on site,4,3,,0117 287 2868,,"crm_forms,email,form,phone,social_li","contact_form,case_studies","They sell themselves as 'news hijackers' who 'do PR so that you don't have to' and publish reactive case studies (World Cup media coverage) - a shop whose value is speed, yet whose own inbound enquiries sit in a shared team@ inbox with no stated response time.",https://yourssincerely.online/contact
agencies,Turn The Tables PR,https://www.turnthetablespr.com/,Bristol / North Devon,contact@turnthetablespr.com,True,email seen on site,3,2,Rupert Janisch (Founder),01174 033543,,"crm_forms,email,form,reviews,social_fb,social_li",contact_form,"Describes itself as 'a consortium of business journalists, independent PR agents and associated marketing freelancers - all operating under one banner', so incoming briefs must be qualified and routed to the right associate by the founders themselves.",https://www.turnthetablespr.com/
agencies,RS Accountancy,https://rsaccountancy.co.uk/,Leeds,support@rsaccountancy.co.uk,True,email seen on site,4,3,Russell Smith (Founder and Managing Director),+44 113 337 2130,,"crm_forms,ecommerce,email,form,hours,phone,social_fb,social_ig,social_li,whatsapp",contact_form,"Founder Russell Smith runs webinars and is an Amazon best-selling author of 'I Can Start Your Business', and the site says 'Our accountants in Leeds put our reputation on the line every time we take on a new customer' - a marketing-led practice generating start-up enquiries that all land in support@.",https://rsaccountancy.co.uk/contact/
agencies,Bluestone98,https://www.bluestone98.com/,Edinburgh / Harrogate / London,hello@bluestone98.com,True,email seen on site,4,3,Jonathan Armstead (Founder & Managing Director),0330 633 1998,,"email,form,phone,reviews,social_fb,social_ig,social_li","brief_form,case_studies","Their brief form already collects 'Rough budget' and 'Project description' across three studios, and their newest blog posts are 'Is your website ready for AI agents? A 2026 guide' and 'Is your website ready for AI search?' - a founder-led agency actively advising clients on AI readiness is a warm audience for its own AI desk.",https://www.bluestone98.com/contact/
agents,Gardiner Residential,https://www.gardiners.co.uk/,,info@gardinerhomes.co.uk,True,email seen on site,5,5,Ian Gardiner,020 8579 5242,"Testimonials on site, no numeric Google count; ARLA/NAEA/TPO members","email,form,hours,phone,social_fb,social_ig",contact_form,Homepage testimonial boasts 'you know you can contact them at any time of day or night' - an owner-approved enquiry desk makes that promise literally true for a 30-year family firm run by Ian and Emma Gardiner.,https://www.gardiners.co.uk/ (footer)
agents,Joules Estate Agents,https://www.joulesestateagents.com/,,info@joulesestateagents.com,True,email seen on site,5,5,Clive Tattersall,0161 432 0432,No numeric review count on site; 'genuine local family run business' testimonial,"email,form,hours,phone,social_fb,social_ig","contact_form,out_of_hours",August 2026 blog series argues 'why it matters if your Stockport estate agent is actually independent' and says the MD (with the firm since 1981) still attends valuations in person - so every valuation request bottlenecks on one diary.,https://www.joulesestateagents.com/ (footer; also sales@joulesestateagents.com)
agents,Partridge Homes,https://partridge-homes.co.uk/,,Admin@cpartridge.co.uk,True,email seen on site,5,5,Paul Partridge,0121 745 2225,British Property Awards Best Letting Agent Solihull four years running; no numeric Google count on site,"crm_forms,ecommerce,email,form,hours,phone,social_fb,social_ig,social_li","contact_form,valuation_form",Family-run (Paul and Charlotte Partridge) two-branch agency whose only published address is a shared Admin@ inbox despite winning Best Letting Agent in Solihull four years running - award-driven landlord enquiries land in one general mailbox.,https://partridge-homes.co.uk/ (footer)
agents,Castlehill Estate Agents,https://www.castlehill.co.uk/,,enquiries@castlehill.co.uk,True,email seen on site,5,5,Paul Lehan,0113 278 7427,Best Estate Agency Guide - Gold Award (lettings); no numeric Google count on site,"email,form,hours,phone,social_fb,social_ig",,"Family firm (Paul and Matthew Lehan) running sales, professional lettings AND student lettings from one Otley Road office with only a plain email address - the September student-let surge hits a single enquiries@ inbox.",https://www.castlehill.co.uk/
agents,Wonderlease,https://www.wonderlease.co.uk/,,info@wonderlease.co.uk,True,email seen on site,5,4,,020 8509 3000,"No review count on site; ARLA + NAEA Propertymark, TPO; Rightmove/Zoopla logos","email,form,hours,phone,social_li","contact_form,valuation_form,out_of_hours","Family-run since 1988 and advertises a '24/7 maintenance and emergency helpline' for managed landlords, yet new sales/lettings enquiries only get a contact form - the out-of-hours promise stops at maintenance.",https://www.wonderlease.co.uk/
agents,Mercer Taylor,https://www.mercertaylor.co.uk/,,info@mercertaylor.co.uk,True,email seen on site,5,4,Matthew Reeve,020 8672 1066,No review count on site; 'established for 100 years' (since 1921),"email,form,phone,social_fb,social_li",,"Tooting's longest-established agent (since 1921) relocated to Merton Abbey Mills in 2020 after a century on Amen Corner - with no high-street walk-ins, phone and info@ email are now the entire front door and the site has no contact form at all.",https://www.mercertaylor.co.uk/ (footer)
agents,Stanford Estates,https://stanfordestates.london/,,hello@stanfordestates.co.uk,True,email seen on site,5,4,,020 8699 6778,Testimonials on site; family-run per Rightmove profile; no numeric Google count on site,"crm_forms,email,form,hours,phone,social_ig",contact_form,"Homepage headline 'In a tech-driven world, we keep things personal' plus 'Communication That Matters' - an owner-approved desk lets them answer within the hour without giving up the personal reply they sell on.",https://stanfordestates.london/
agents,Roger Dean Property Management,https://www.roger-dean.co.uk/,,carole@roger-dean.co.uk,True,email seen on site,4,4,Roger Dean,0161 437 0711,No review count on site; Propertymark CMP; founded 1963,"email,phone","contact_form,valuation_form,whatsapp",Founded 1963 and run by Roger Dean alongside his daughter Julia for 30 years - a two-office family lettings firm whose only published email is a named staff member's personal inbox.,"https://www.roger-dean.co.uk/ (Cloudflare-protected mailto, decoded; displayed as Carole@roger-dean.co.uk)"
agents,Fishers,https://www.fishers.co.uk/,,info@fishers.co.uk,True,email seen on site,5,4,,0121 428 1000,No review count on site; ARLA Propertymark + RICS; 'over 100 years',"email,form,payments,phone,social_fb,social_ig,social_li",contact_form,Family-run lettings specialist with 100+ years' history whose contact form makes visitors self-sort as Landlord / Tenant / Letting / Repairs - exactly the triage an enquiry desk does automatically before the team reads it.,https://www.fishers.co.uk/contact-us/
agents,Spectra Property & Services,https://www.spectra-property.co.uk/,,gurdip@spectra-property.co.uk,True,email seen on site,5,4,Gurdip Singh,0121 444 5252,"No review count on site; ARLA/NAEA member, TDS, CMP","crm_forms,email,form,payments,phone,reviews,social_fb,social_ig,social_li","contact_form,valuation_form","The founder's personal address is the only email on the contact page and hours are Mon-Fri 9-5:30, Sat 10-1, closed Sunday - every applicant and valuation enquiry lands on Gurdip himself, and weekend ones wait.",https://www.spectra-property.co.uk/contact
agents,Melvyn Danes,https://www.melvyndanes.co.uk/,,solihull@melvyndanes.co.uk,True,email seen on site,5,4,,0121 711 1712,No review count on site; 'independent and locally owned since 1990',"email,form,phone,reviews,social_fb,social_ig,whatsapp",contact_form,"Promises '100% accompanied viewings, seven days a week' across four branches - booking and confirming those viewings from inbound enquiries is precisely the task the desk takes off the branch teams.",https://www.melvyndanes.co.uk/ (footer; per-branch and lettings@ addresses also listed)
agents,Donnelly & Co,https://donnellyandco.uk/,,hello@donnellyandco.uk,True,email seen on site,5,4,Tom Donnelly,0113 518 0555,"No review count on site; 'family owned, operated and wholly independent'","crm_forms,email,form,phone,social_fb,social_ig",valuation_form,Tom and Liza Donnelly say they 'limit new customer intake monthly to maintain service quality' - a capacity-constrained two-person firm where faster qualification of valuation requests directly decides which instructions they take.,https://donnellyandco.uk/
agents,Kingslet,https://kingslet.com/,,info@kingslet.com,True,email seen on site,3,4,,01273 773300,No review count on site; PRS member; Rightmove listed,"booking,email,hours,phone,social_fb,social_ig",,"An 'independent family run managing agent with over 30 years of experience' specialising in unfurnished lets, with no contact form or booking tool - tenant applicants can only phone or email info@ during office hours.",https://kingslet.com/
agents,Wild & Co,https://wildandco.uk/,,hello@wildandco.uk,True,email seen on site,3,3,James Wild,0208 986 2298,British Property Awards 2025 winner; no numeric Google count on site,"email,phone","contact_form,instant_valuation_tool,whatsapp","Family-run by Hackney-born director James Wild, just expanded to a second office in Angel and runs a Bricks&Logic instant-valuation tool - those automated valuation leads need same-hour human-quality follow-up across two offices.",https://wildandco.uk/contact/
agents,Storeys,https://storeys.co/,,hello@storeys.co,True,email seen on site,4,3,Andy Blythe,0207 096 0666,"584 Google reviews, 4.8 stars (shown on site)","email,form,phone,reviews,social_ig,social_li,whatsapp","contact_form,instant_valuation_tool,whatsapp","Founder-led since 2017 with 584 Google reviews and a '60-second' Homesearch instant valuation on the homepage - high lead volume from the tool, but conversion still depends on how fast a human replies.",https://storeys.co/
agents,James Chiltern,https://jameschiltern.uk/,,info@jameschiltern.uk,True,email seen on site,4,3,,020 8681 8133,No review count on site; Rightmove/Zoopla/OTM/PrimeLocation listed; 'No Sale - No Fee',"email,form,hours,phone,reviews,social_fb,social_li,whatsapp","contact_form,instant_valuation_tool",Independent Croydon firm whose founding partners each have 25+ years and 'average length of experience is 21 years' - senior people answering first-touch enquiries is the expensive part an enquiry desk removes.,https://jameschiltern.uk/
agents,Jaks & Co,https://www.jaksandco.co.uk/,,info@jaksandco.co.uk,True,email seen on site,1,3,Moharram Rehman,0161 533 0911,"No review count on site; UKALA, PRS, CMP, TDS; Rightmove/Zoopla/OTM logos","crm_forms,email,form,hours,livechat,phone,social_fb,social_ig,social_li,whatsapp","contact_form,valuation_form,live_chat,whatsapp","Founded 2021, already opened a Chorlton arm, and both directors publish their personal email addresses on the homepage - growth is outrunning a two-director inbox (note: site runs a Tidio chat widget).",https://www.jaksandco.co.uk/ (also moharram@ and junaid@jaksandco.co.uk)
agents,Mitchell Williams,https://www.mitchellwilliams.co.uk/,,enquiries@mitchellwilliams.co.uk,True,email seen on site,4,3,,0161 491 2709,"No review count on site; NAEA, TPO, Trading Standards Approved; Rightmove listed","email,form,phone,social_fb,social_ig","contact_form,instant_valuation_tool","Single-office independent family business (Carolyn, Alex, Leonie named on site) that says it prides itself on 'utilising the latest technology' - already runs an instant valuation subdomain, so an AI desk is an easy next step.",https://www.mitchellwilliams.co.uk/
agents,Nicholas George,https://www.nicholasgeorge.co.uk/,,sales@nicholasgeorge.co.uk,True,email seen on site,4,3,Max Redgrave,0121 442 2049,No review count on site; Rightmove + OTM; founded 1988,"email,form,hours,phone,social_fb,social_ig","contact_form,instant_valuation_tool","Independent since 1988 handling sales, lettings and block management from one Moseley office with Saturday hours of 10-1 and Sunday closed - and the same phone number serves both sales and lettings.",https://www.nicholasgeorge.co.uk/branches/moseley
agents,The Property Shop Brighton & Hove,https://www.tpsb.co.uk/,,info@tpsb.co.uk,True,email seen on site,3,3,Steve Simmonds,01273 915400,Testimonials on site; no numeric Google count; founded 2000,"booking,crm_forms,email,form,hours,reviews,social_fb,social_ig","contact_form,valuation_form,instant_valuation_tool",Founder-led since 2000 and lists on '26+ portals' with a rent-guarantee offer for landlords - more portals means more inbound applicant enquiries across two offices with a four-person named team.,https://www.tpsb.co.uk/contact-us/
agents,The Bristol Residential Letting Co,https://bristolreslet.com/,,bishopston@bristolreslet.com,True,email seen on site,1,3,,0117 244 2040,"'Over 1,500 five-star Google reviews'; '99% of landlords recommend us'","email,form,hours,livechat,phone,reviews,social_fb,social_ig,social_li,whatsapp",valuation_form,"Three-office lettings-only independent (founded 2004) advertising 1,500+ five-star reviews and a landlord app - high enquiry volume, but tenant applicant handling is still per-office email; larger than ideal (30 staff).",https://bristolreslet.com/ (per-office and named director addresses listed)
agents,Ryan Baker Estate Agents,https://chorlton.ryan-baker.co.uk/,,info@ryan-baker.co.uk,True,email seen on site,4,3,,0161 637 9233,"No review count on site; NAEA, Rightmove, OTM","crm_forms,email,form,hours,phone,social_fb","contact_form,valuation_form","Independent family-run firm now spread across three branches in two cities (Chorlton, Levenshulme, Leyton) with separate branch inboxes - a single enquiry desk would give the owner one view of every lead.",https://chorlton.ryan-baker.co.uk/
clinics,Parkfield Dental Practice,https://parkfield-dental.co.uk/,Manchester (Didsbury),info@parkfield-dental.co.uk,True,email seen on site,5,5,Dr Neehal Shah,0161 445 2397,4.9 stars Google shown on site (count not displayed),"crm_forms,email,form,hours,phone,reviews,social_fb,social_ig,whatsapp","contact_form,whatsapp,new_patients,finance_offered","Homepage pushes a 'New Patient Appointments Only £72 (Normally £92)' offer plus Teeth-In-A-Day implants and up-to-£30k finance, but every 'Book Consultation' button just drops into an enquiry form with no booking system behind it.",https://parkfield-dental.co.uk/contact-us/
clinics,Clifton Dental Surgery,https://cliftondentalsurgery.co.uk/,Bristol (Clifton),reception@cliftondentalsurgery.co.uk,True,email seen on site,5,5,Dr Jonathan Trigg,0117 9737 444,No review count shown on site,"booking,crm_forms,email,form,hours,phone,social_fb,social_ig","contact_form,new_patients","Site promises same-day emergency slots to anyone 'even if you are not registered' (8am-5pm Mon-Thu) and 'welcomes Private and practice plan patients', yet the only routes in are a phone line and a basic contact form with no online booking.",https://cliftondentalsurgery.co.uk/
clinics,Horsforth Smile Clinic,https://www.horsforthsmileclinic.co.uk/,Leeds (Horsforth),info@horsforthsmileclinic.co.uk,True,email seen on site,5,4,Dr Zaf Khan,0113 258 8780,No review count shown on site,"ecommerce,email,form,hours,phone,reviews,social_fb,social_ig,whatsapp","contact_form,finance_offered","Markets All-on-4 full-arch implants from £2,000 per tooth with a fees-and-finance page, but 'book' CTAs route to a contact form (name, phone, area of concern, treatment) that someone has to manually follow up.",https://www.horsforthsmileclinic.co.uk/
clinics,Dr Nicole Dermatology,https://www.drnicoledermatology.co.uk/,Manchester,info@drnicoledermatology.co.uk,True,email seen on site,5,4,Dr Nicole Chiang,0161 236 6500,Testimonials only; no Google count shown,"email,form,hours,phone,reviews,social_fb,social_ig,whatsapp",contact_form,Consultant-led clinic named 'Best Dermatologist in the North West' at the 2024 GHP awards runs all new-patient demand through a 'Request Consultation' form rather than any booking engine.,https://www.drnicoledermatology.co.uk/
clinics,The Dental Article,https://thedentalarticle.co.uk/,Manchester (Didsbury),hello@dentalarticle.co.uk,True,email seen on site,5,4,Barzy Jaza (Clinical Director),0161 560 8121,5.0 Google rating shown (count not displayed),"crm_forms,email,form,hours,phone,reviews,social_fb,social_ig,whatsapp","contact_form,whatsapp,booking_widget,finance_offered","Platinum Invisalign provider with '0% interest available on eligible treatments' and a membership plan; online booking exists only for hygienist visits, so high-value Invisalign/veneer enquiries still come through the 'Make An Enquiry' form and WhatsApp.",https://thedentalarticle.co.uk/
clinics,Changing Faces Dentistry,https://www.changingfacesandsmiles.co.uk/,"Birmingham (Harborne) + Knowle, Solihull",smile@changingfacesandsmiles.co.uk,True,email seen on site,4,3,Dr Suresh Chohan,0121 428 6870 (Harborne); 01564 732990 (Knowle),'485+ 5 star glowing reviews' shown on site,"crm_forms,email,form,hours,phone,social_fb,social_ig,whatsapp","contact_form,booking_widget,finance_offered","Two-site implant practice selling 'Same Day Teeth' full-jaw implants with Tabeo finance funnels consultation requests through a multi-field form asking which clinic and topic, which is exactly the qualification step an AI desk can do instantly.",https://www.changingfacesandsmiles.co.uk/contact/
clinics,Infinity Dental Solihull,https://infinitydentalsolihull.com/,Birmingham (Solihull),info@infinitydentalsolihull.com,True,email seen on site,4,3,Dr Max Turner,0121 285 7085,No review count shown on site,"email,form,hours,phone,social_fb,social_ig,whatsapp","booking_widget,whatsapp,new_patients,finance_offered","Running a £99 'NEW PATIENTS OFFER' bundle (exam, hygiene, scan, X-rays, £30 credit) plus free child check-ups, so inbound volume is being deliberately driven up while enquiries land on WhatsApp and a login-gated booking portal.",https://infinitydentalsolihull.com/
clinics,Dovehouse Dental Solihull,https://dovehousedentalsolihull.co.uk/,Birmingham (Solihull),dovehousedentalsolihull@dentallymail.co.uk,True,email seen on site,3,3,,0121 706 4141,'Excellent' based on 73 reviews (shown on site),"booking,ecommerce,email,form,hours,phone,reviews,social_fb,social_ig,whatsapp","contact_form,booking_widget,whatsapp,new_patients,finance_offered","'Established in 1936, one of Solihull's longest-running dental practices' is 'Accepting New Patients who will receive a free digital teeth scan' across 5 surgeries; the contact address is a Dentally mailbox, suggesting enquiries pile up in the PMS inbox.",https://dovehousedentalsolihull.co.uk/contact-us/
clinics,Aurora Dental Solihull,https://auroradentalsolihull.co.uk/,Birmingham (Solihull),info@auroradentalsolihull.co.uk,True,email seen on site,4,3,Dr Sharon Showker,0121 716 4345,"Reviews displayed, no aggregate count shown","crm_forms,ecommerce,email,form,hours,phone,reviews,social_fb,social_ig,whatsapp","contact_form,booking_widget,whatsapp,finance_offered","Dr Showker won Young Dentist of the Year (Midlands) at both TDA 2022 and PDA 2023 and lists '0% interest finance payment plans' as a top-four reason to choose the practice, so Invisalign/bonding consult enquiries are the revenue driver.",https://auroradentalsolihull.co.uk/
clinics,Westfield Aesthetics,https://westfieldaesthetics.co.uk/,Birmingham (Edgbaston),info@westfieldaesthetics.co.uk,True,email seen on site,4,3,Dr Prasanna Narayan,0121 420 4038,No review count shown on site,"email,form,phone,social_fb,social_ig,whatsapp","contact_form,booking_widget","Solo doctor-led clinic since 2007 where 'all treatments are undertaken by Dr Prasanna Narayan' herself, meaning nobody is free to answer new enquiries while she is treating.",https://westfieldaesthetics.co.uk/contact-us/
clinics,The Doctors Practice,https://thedoctorspractice.co.uk/,Birmingham (Edgbaston),hello@thedoctorspractice.co.uk,True,email seen on site,3,3,Dr Bikram Ratti and Dr Rinku Ratti,0121 661 2366,'Over 250 5-Star Google Reviews' shown on site,"booking,email,form,hours,phone,reviews,social_fb,social_ig,social_li,whatsapp","booking_widget,whatsapp","Husband-and-wife CQC-registered private GP + aesthetics clinic promising 'same-day or next-day appointments' including evenings and weekends, which only works if enquiries are answered as fast as the appointments are offered.",https://thedoctorspractice.co.uk/
clinics,Aesthetica Medical,https://www.aesthetica-medical.co.uk/,Leeds (city centre) + Altrincham,info@aesthetica-medical.co.uk,True,email seen on site,3,3,Dr Saniyya,0113 531 9755,'Rated 4.9 and 5.0 on Google' shown on site,"booking,ecommerce,email,form,hours,phone,reviews,social_fb,social_ig,whatsapp","contact_form,booking_widget,whatsapp","Two-site doctor-run clinic where every treatment protocol is 'designed by Dr Saniyya', publishing a personal mobile for WhatsApp enquiries across both Leeds and Cheshire locations.",https://www.aesthetica-medical.co.uk/
clinics,Leeds Sports Injury & Physiotherapy Clinic (The Treadmill),https://www.thetreadmill.co.uk/,Leeds (Headingley),info@thetreadmill.co.uk,True,email seen on site,4,3,,0113 275 4848,No review count shown on site,"email,form,hours,phone",contact_form,'75 years combined experience' clinic open 09:30-19:00 weekdays on the 3rd floor of Headingley Medical Centre has no online booking at all; new patients can only phone or fill in a contact form.,https://thetreadmill.co.uk/contact/
clinics,Smiles on Harrogate Road,https://smilesonharrogateroad.com/,Leeds (Chapel Allerton),info@smilesonharrogateroad.com,True,email seen on site,4,3,,0113 3000 202,'EXCELLENT 200+ reviews on Google' shown on site,"ecommerce,email,form,hours,payments,phone,reviews,social_fb,social_ig","booking_widget,new_patients","'Open Weekends | Same Day Emergency Appointments Available' and 'Accepting New Patients' with a Privilege Plan membership, but no contact form: enquiries that are not simple bookings have to go to a plain email inbox.",https://smilesonharrogateroad.com/
clinics,Slateford Dental Care,https://slateforddentalcare.com/,Edinburgh,appointment@slateforddentalcare.com,True,email seen on site,4,3,,0131 337 2689,'750+ 5-Star Reviews' shown in site header,"email,form,phone,social_fb,social_ig,whatsapp","contact_form,booking_widget,whatsapp,finance_offered",Private Dentistry Awards 2025 finalist advertising 0% finance up to 12 months and plans to 60 months on implants and Invisalign; a dedicated 'appointment@' mailbox signals appointment requests already arrive by email.,https://slateforddentalcare.com/
clinics,Stockbridge Dental Practice,https://stockbridgedentalpractice.com/,Edinburgh (Stockbridge),info@stockbridgedentalpractice.com,True,email seen on site,3,3,Dr Kevin Bruce (implant dentist),0131 332 5510,No review count shown on site,"booking,ecommerce,email,form,hours,phone,social_fb,social_ig","contact_form,booking_widget,finance_offered","Claims to be 'the only teeth whitening provider in Scotland with Sapphire Status' for BlancOne and offers interest-free V12 finance on treatment over £600, so it attracts cosmetic enquiries from across Edinburgh that need qualifying.",https://stockbridgedentalpractice.com/
clinics,The Stockbridge Clinic,https://stockbridgeclinic.com/,Edinburgh,edinburgh@stockbridgeclinic.com,True,email seen on site,3,3,Dr Ben Taylor-Davies (Clinical Director) and Dr Jack Henderson (Managing Director),0131 605 6701,No review count shown on site,"email,phone,whatsapp","contact_form,booking_widget,whatsapp","Just named 'Aesthetic Clinic of the Year, Scotland and Northern Ireland 2026' and Highly Commended UK-wide, an award that will drive a wave of new enquiries onto a single call/WhatsApp mobile.",https://stockbridgeclinic.com/
clinics,Clifton Physiotherapy,https://cliftonphysio.co.uk/,Bristol (Clifton/Redland),mail@cliftonphysio.co.uk,True,email seen on site,4,3,Marion Averill and Lisa Barnacle (owners),0117 970 6390,No review count shown on site,"email,form,hours,phone,social_ig,whatsapp","contact_form,booking_widget","Contact page states 'We aim to respond within one working day' and the homepage warns of no on-site parking due to building works, two friction points an instant-answer desk removes.",https://cliftonphysio.co.uk/contact/
clinics,White Dental Practice,https://whitedentalpractice.co.uk/,Bristol (Clifton),reception@whitedentalpractice.co.uk,True,email seen on site,3,3,Dr Ram Devaradjalou,0117 973 9346,No review count shown on site,"booking,ecommerce,email,form,hours,phone,social_fb,social_ig,whatsapp","contact_form,booking_widget,new_patients,finance_offered","37-year-old practice has just launched a 'new system' for online booking and promotes 'Smile Design by Monika' and Saturday/late-evening slots, so it is actively modernising its front desk right now.",https://whitedentalpractice.co.uk/
clinics,Progressive Dentistry,https://www.progressivedentistry.co.uk/,London (Fulham),info@progressivedentistry.co.uk,True,email seen on site,3,3,Dr Nissit Patel,020 7731 1162,'over 330 five star Google Reviews' shown on site,"booking,email,form,phone,reviews,social_fb,social_ig","contact_form,booking_widget,finance_offered","Prosthodontist-led practice says patients 'travel from all over the UK, London and even abroad' and offers a Free Online Consultation funnel, meaning remote, out-of-hours enquiries are core to how it wins implant and smile-makeover cases.",https://www.progressivedentistry.co.uk/
clinics,The Clinic by Dr Maryam Zamani,https://www.drmaryamzamani.com/the-clinic,London (Chelsea),clinic@drmaryamzamani.com,True,email seen on site,3,3,Dr Maryam Zamani,+44 20 3955 9700,Trustindex 4.7/5 based on 222 reviews (shown on site),"booking,crm_forms,email,form,hours,phone,social_fb,social_ig,whatsapp","contact_form,booking_widget,whatsapp","Oculoplastic surgeon who has 'performed eyelid procedures on over 20,000 patients' requires every new patient to start with a one-to-one consultation, so consult-request triage is the whole front of the funnel.",https://www.drmaryamzamani.com/the-clinic
clinics,Clapham Osteopath (Peter Gray Consulting Ltd),https://claphamosteopath.co.uk/,London (Clapham),peter@claphamosteopath.co.uk,True,email seen on site,3,3,Peter Gray,0207 118 9904,No review count shown on site,"email,hours,phone,social_fb",,"Solo osteopath registered with a dozen insurers (Aetna, Aviva, AXA, Bupa, Cigna, Vitality, WPA) offers Monday-Saturday slots from 8:30am but has no contact form or online booking, so every enquiry goes to his personal email or mobile.",https://claphamosteopath.co.uk/
clinics,The Dentists of Didsbury,https://www.thedentistsofdidsbury.com/,Manchester (Didsbury),hello@TheDentistsOfDidsbury.com,True,email seen on site,2,2,,0161 445 4005,No review count shown on site,"booking,ecommerce,email,form,hours,payments,phone,reviews,social_fb,social_ig,whatsapp","contact_form,booking_widget,whatsapp,new_patients","Already experimenting with AI (a Future Smile 'upload a photo and let our AI show you your new smile' tool) and states 'New patients are always welcome', so an AI enquiry desk is an on-brand next step for the leads that tool generates.",https://www.thedentistsofdidsbury.com/
trades,Harris Heating,https://www.harrisheating.co.uk/,Leeds,info@harrisheating.co.uk,True,email seen on site,5,5,Trevor Harris (founder); now run by his daughter and son-in-law,0113 250 5375,Checkatrade 9.7 score; Google + Which? Trusted Trader reviews linked (counts not shown),"booking,email,form,hours,payments,phone,reviews,social_fb","contact_form,whatsapp,emergency_24_7","Their site says 'Our voicemail service is 24/7 and any messages received out of hours' are picked up later - out-of-hours enquiries currently land on voicemail, not a same-hour reply.",https://www.harrisheating.co.uk/
trades,Smart Plumbing & Heating Bristol,https://www.smartplumbingheatingbristol.co.uk/,Bristol,info@smartplumbingheatingbristol.co.uk,True,email seen on site,5,5,,07507 932938,200+ Google (4.8) / 149+ Checkatrade (10/10),"booking,ecommerce,email,form,hours,phone,reviews,social_fb,whatsapp","contact_form,whatsapp,emergency_24_7","Site claims 'open 24/7/365 as there is no waiting for plumbing emergencies' and lists 850+ projects, but the only after-hours channels are a single mobile number and WhatsApp.",https://www.smartplumbingheatingbristol.co.uk/
trades,K2 Gas Plumbing & Heating,https://www.k2gas-plumbingandheating.co.uk/,Bromley (outer London),info@k2gas.co.uk,True,email seen on site,5,5,,0208 402 0034,290+ Checkatrade reviews,"booking,ecommerce,email,form,hours,phone,reviews,social_fb,social_ig","contact_form,emergency_24_7",Advertises 'New Boiler Installations From Only £1600' with free quotations and a 24-hour emergency line - a high volume of quote requests to qualify before an engineer visit.,https://www.k2gas-plumbingandheating.co.uk/
trades,Bromley Plumbers Ltd,https://www.bromleyplumbersltd.co.uk/,Bromley / Orpington (outer London),info@bromleyplumbersltd.co.uk,True,email seen on site,5,5,Father-and-son team (names not shown),0208 050 2707 / 07903 649294,"Which? Trusted Trader 5.0 / 48 reviews, 98% recommended; site claims 'Over 1,500 5 Star Reviews'","booking,crm_forms,email,form,hours,phone,reviews,social_fb,social_ig,social_li,whatsapp","contact_form,whatsapp,emergency_24_7,same_day",Homepage headline is '24/7 Local Plumbers' with 'Same-Day Service Available' and a 'no call out' emergency promise - every missed web enquiry is a lost same-day job.,http://bromleyplumbersltd.co.uk/ (also shown on https://trustedtraders.which.co.uk/businesses/bromley-plumbers-limited/)
trades,Pipe Guys,https://pipeguys.co.uk/,Birmingham / Solihull,info@pipeguys.co.uk,True,email seen on site,3,4,Ryan O'Mahony,07869 837 241,30 Google reviews shown (5-star); Facebook 5-star,"booking,email,hours,phone,reviews,whatsapp","contact_form,whatsapp,emergency_24_7,same_day",Site stresses 'every job is carried out personally by Ryan rather than handed off' alongside a 24/7 emergency line - the owner is both the engineer and the person answering enquiries.,https://pipeguys.co.uk/
trades,Cofton Drainage & Jetting Services (Cofton DJS),https://cofton-djs.com/,Birmingham / Solihull,enquiries@cofton-djs.com,True,email seen on site,4,4,,0121 296 7829,Checkatrade 9.8/10; Google 5-star reviews cited,"booking,email,form,hours,phone,reviews,social_fb,social_ig","contact_form,emergency_24_7","Promises 'on site within 60 minutes across Birmingham and Solihull' 24/7 with no out-of-hours surcharge, across two offices - a tight response promise that depends on enquiries being triaged fast.",https://cofton-djs.com/
trades,AquaDash Plumbing,https://aquadashplumbing.com/,Manchester,contact@aquadashplumbing.com,True,email seen on site,4,4,,07871 003404,Testimonials only; no platform counts shown,"ecommerce,email,hours,phone,social_fb,social_ig,whatsapp","contact_form,whatsapp,emergency_24_7","Family-run with a '24/7 emergency line', 'no call-out fee' and 'fixed prices agreed before we start' - fixed-price quoting means every enquiry needs qualifying questions answered before dispatch.",https://aquadashplumbing.com/
trades,Manchester Drains,https://www.manchesterdrains.co.uk/,"Manchester (Failsworth, M40)",info@manchesterdrains.co.uk,True,email seen on site,5,4,,0161 885 3774,'Check our 5-star reviews' link; no count shown,"email,form,phone,reviews,whatsapp","contact_form,emergency_24_7","FAQ explicitly contrasts themselves with franchises - 'we are a genuine family business, unblocking drains in Manchester for 15 years' - with a one-hour response promise 24/365.",https://www.manchesterdrains.co.uk/
trades,Greater Manchester Locksmiths,https://www.greatermanchesterlocksmiths.co.uk/,Manchester,brian@greatermanchesterlocksmiths.co.uk,True,email seen on site,5,4,Brian and Jordan (named contacts),0161 410 7567,Google 5-star badge; count not shown,"email,form,hours,phone,reviews,social_fb","contact_form,emergency_24_7",Positions itself as 'local independent locksmiths (not a national call centre)' with 24/7 emergency service - the two named owners are personally fielding every call and form.,https://www.greatermanchesterlocksmiths.co.uk/
trades,R Pearson Electrical & Plumbing,https://rpearsonelectricalandplumbing.co.uk/,Leeds / Bradford,enquiries@rpearsonelectricalandplumbing.co.uk,True,email seen on site,5,4,Robert (Rob) Pearson (referenced as 'Robert and his team'),07796 000600,Testimonials only; no platform counts shown,"email,form,phone,reviews,social_fb,social_ig,whatsapp","contact_form,whatsapp,emergency_24_7","Site shows a live 'OPEN' status on a 24/7 emergency line run off a single mobile, and testimonials highlight rescuing jobs 'let down by another electrical firm'.",https://rpearsonelectricalandplumbing.co.uk/
trades,BS4 Electrical Services Ltd,https://www.bs4electricalservices.co.uk/,Bristol / Bath,info@bs4electricalservices.co.uk,True,email seen on site,5,4,,07590 399604,None shown on site,"ecommerce,email,form,hours,payments,phone,reviews,whatsapp","contact_form,whatsapp,emergency_24_7,same_day","Family-run NICEIC firm advertising '24/7 emergency call outs' and 'same-day attendance whenever possible', with enquiries arriving by phone, WhatsApp and a form all routed to one mobile.",https://www.bs4electricalservices.co.uk/
trades,Top Lock Technicians (TLT Locksmiths),https://www.toplocktechnicians.co.uk/,Croydon (outer London),info@tltlocksmiths.co.uk,True,email seen on site,5,4,,020 8050 8280 / 07404 582 500,Google Maps reviews embedded; count not shown,"email,form,phone,reviews,social_ig,whatsapp","contact_form,whatsapp,emergency_24_7","Promises 'less than 30 minutes' response, 24/7, with 'NO CALL OUT CHARGE' as a 'local & family run' outfit - a response promise that only works if every enquiry is acknowledged instantly.",https://www.toplocktechnicians.co.uk/
trades,Heatsafe Birmingham,https://heatsafebirmingham.co.uk/,Birmingham / Solihull,contact@heatsafebirmingham.co.uk,True,email seen on site,4,3,Marco (referenced as 'Marco and his team'),0121 728 7640 / 07876 747 047,77 five-star reviews (Google),"ecommerce,email,form,phone,social_fb","contact_form,emergency_24_7",Offers 'Emergency Call Outs' but lists office hours of 08:30-17:30 with a 'Call Me Back' form - anything arriving after 5:30pm waits until the next morning.,https://heatsafebirmingham.co.uk/
trades,Heateam Ltd,https://www.heateamltd.co.uk/,Leeds,info@heateamltd.co.uk,True,email seen on site,3,3,,0113 322 6277,166 Google reviews (4.9),"email,hours,phone,reviews","booking_widget,emergency_24_7","Family-run, 'available 7 days a week for emergency repairs' and already uses a ServiceM8 booking widget - an automated enquiry desk can plug straight into that job system.",https://www.heateamltd.co.uk/
trades,Birmingham Boiler Repairs,https://www.birminghamboilerrepairs.uk/,Birmingham,boilers.birmingham@yahoo.com,True,email seen on site,4,3,"Dave (named lead engineer, with Jordon and Andy)",0800 320 2345 / 07807 776 411,4.9 rating badge (platform not stated),"email,form,hours,phone,reviews,social_fb,social_ig",same_day,Three-engineer family firm promising 'same-day service when booked before 12pm' and running on a Yahoo address - a midday cut-off that an instant-response desk could help them hit more often.,https://www.birminghamboilerrepairs.uk/about
trades,MPS Electrical Contractors Ltd,https://mps-electrical.com/,Leeds,info@mps-electrical.com,True,email seen on site,4,3,"Marc (owner, 32+ years, C&G 2391)",0113 390 9670 / 07703 020260,None shown on site,"ecommerce,email,form,payments,phone,social_fb,social_ig,social_li",emergency_24_7,"Owner Marc's own qualifications are the whole pitch (32+ years, City & Guilds 2391) and the site runs 24/7 emergency pages, yet there is no contact form - enquiries go to three separate phone numbers.",https://mps-electrical.com/
trades,Elliott Roofing,https://elliottroofing.co.uk/,Stockport (Greater Manchester),info@elliottroofing.co.uk,True,email seen on site,4,3,Ashley (company named after his son Elliott),0161 706 1984,25+ Google reviews (5-star); TrustATrader verified,"email,form,hours,phone,reviews,social_fb,social_ig,whatsapp","contact_form,whatsapp,emergency_24_7",Their promise is 'the person who quotes your job is the person who turns up to do it' - meaning the owner is on a roof when new emergency-repair enquiries come in.,https://elliottroofing.co.uk/
trades,JD & Sons Roofing SW Ltd,https://jdandsonsroofingswltd.co.uk/,Bristol (Patchway),info@jdandsonsroofingswltd.co.uk,True,email seen on site,4,3,Gary Grant (site author / contact),0117 911 3258 / 07488 555 714,"5/5 testimonial; MyBuilder and Quotatis profiles linked, counts not shown","email,form,phone,social_fb,whatsapp","contact_form,whatsapp,booking_widget,emergency_24_7",Their contact form already asks customers to rate the urgency of the job for a 24-hour call-out service - they are manually triaging urgency today.,https://jdandsonsroofingswltd.co.uk/contact-us/
trades,Assured Electricians Birmingham (Assured Electrical Solutions Ltd),https://assuredelectriciansbirmingham.co.uk/,Birmingham,info@assuredelectriciansbirmingham.co.uk,True,email seen on site,4,3,,0121 820 0057,Google rating badge shows a placeholder ('0+ Star Google Rated'); no count,"email,form,hours,phone,social_fb,social_ig","contact_form,emergency_24_7,same_day","Homepage promises '24/7, 365 Days' emergency cover and a 'Request Callback' form, but the Google-review counter on the page is stuck at '0+' - a visible sign nobody is maintaining the enquiry front-end.",https://assuredelectriciansbirmingham.co.uk/
trades,247 Locksmiths Leeds,https://247locallocks.co.uk/,"Leeds (Adel, LS16)",info@247locallocks.co.uk,True,email seen on site,3,3,Mark Ferguson,0113 225 6634 / 07801 438 638,ThreeBestRated badge; testimonials; no platform count shown,"booking,ecommerce,email,form,phone,reviews,social_fb","contact_form,emergency_24_7",Mark sells the fact you 'deal directly with him from your first phone call' 24/7 with a 30-60 minute arrival aim - which also means enquiries go unanswered while he is on a job.,https://247locallocks.co.uk/
agents,Sinton Andrews,https://www.sintonandrews.com/,,sales@sintonandrews.com,True,email seen on site,5,5,,020 8566 1990,No review count shown on site; ARLA + Property Ombudsman; Rightmove/Zoopla/OTM listed,"form,hours,phone,social_fb,social_ig",,"Site calls itself 'Ealing's independent estate agent for over 36 years', publishes four separate branch inboxes with no contact form, and states 'Sunday Closed' - weekend valuation and applicant emails sit until Monday.","https://www.sintonandrews.com/contact/ (Cloudflare-protected mailto, decoded; also lettings@sintonandrews.com)"
agents,Homefinders,https://www.homefinders.net/,,info@homefinders.net,False,"claimed email not on site; site shows ['lettings@homefinders.net', 'management@homefinders.net', 'sales@homefinders.net']",3,4,,020 8533 6461,217 Google reviews shown on contact page; Best Estate Agency in E8 2024 & 2025,"booking,email,hours,phone","contact_form,instant_valuation_tool,whatsapp,out_of_hours","Homepage announces a '24/7 AI-powered live chat' launching before the end of the year - they have already decided they want round-the-clock enquiry handling, so the pitch is a desk that also books and updates CRM, not just chats.",https://www.homefinders.net/contact-us/ (also sales@ / lettings@ / management@homefinders.net)
agents,Craven & Company,https://cravenandcompany.co.uk/,,enquiries@cravengroup.co.uk,True,email seen on site,5,4,Dermot Craven,0161 973 6969,No review count on site; Property Redress Scheme; Rightmove/Zoopla logos,"ecommerce,email,form,hours,phone,reviews,social_fb,social_ig,social_li,whatsapp","contact_form,valuation_form,whatsapp","Family-run since 1984 by MD Dermot Craven, now trading from a new 'contemporary high street branch' on School Road - a single-office firm investing in presence but still routing enquiries to one enquiries@ inbox and WhatsApp.","https://cravenandcompany.co.uk/ (Cloudflare-protected mailto, decoded)"
agents,Howard Independent Estate Agents,https://www.howard-homes.co.uk/,,hello@howard-homes.co.uk,False,claimed email NOT on fetched pages; no emails found (JS-rendered?),5,4,Howard Davis,0117 923 8238,"No review count on site; ARLA + NAEA Propertymark, Safeagent, TPO","form,phone,reviews,social_fb,social_ig",valuation_form,A still-live 2020 notice says 'Although our doors may be closed Howard is still dealing with email enquiries' - email is their primary channel and the founder is named as the person handling it.,"https://www.howard-homes.co.uk/articles/update-how-to-contact-us (Cloudflare-protected mailto, decoded; also cliftonlets@howard-homes.co.uk)"
clinics,Smile Concepts,https://smileconcepts.co.uk/,Birmingham (Solihull),reception@smileconcepts.co.uk,True,email seen on site,5,4,Dominic Hassall (Director of Specialist Services),0121 705 2705,Rated 4.8/5.0 on Google and 4.9/5.0 on Facebook (shown on site),"crm_forms,ecommerce,form,hours,phone,reviews,social_fb,social_ig,social_li","contact_form,new_patients,finance_offered","'Family run for over 20 years' specialist practice with in-house 3D radiography takes every 'Request a New Patient Consultation' via a web form, with no online booking platform to catch enquiries out of hours.","https://smileconcepts.co.uk/ (footer mailto, Cloudflare-obfuscated in source, decoded)"
clinics,Solihull Dental Centre and Implant Clinic,https://www.solihulldentalcentre.co.uk/,Birmingham (Solihull),info@solihulldentalcentre.co.uk,True,email seen on site,5,4,Dr Zubair Sacranie,0121 705 3935,No review count shown on site,"form,hours,phone,social_fb,social_ig,whatsapp","contact_form,booking_widget,new_patients,finance_offered","Principal Dr Zubair Sacranie is President-elect of the Association of Dental Implantology and the site leads with 'Welcoming New Patients for General, Cosmetic & Implant Dentistry' and 0% finance, so implant consult enquiries are high-value and worth answering within the hour.","https://www.solihulldentalcentre.co.uk/contact-us/ (Cloudflare-obfuscated in source, decoded)"
clinics,My Cosmetic Doctor,https://mycosmeticdoctor.co.uk/,Birmingham (Edgbaston),Info@mycosmeticdoctor.co.uk,True,email seen on site,4,3,Dr Kamal Kaur,07597 736 622,"Google reviews linked, no count shown","crm_forms,form,phone,social_ig,whatsapp","contact_form,booking_widget","Named 'Most Trusted Doctor-Led Aesthetic Clinic in Birmingham' three years running (2024-2026) yet the only phone number is a mobile and enquiries go to a contact form, so a GP-turned-aesthetician is fielding her own leads.","https://mycosmeticdoctor.co.uk/contact (Cloudflare-obfuscated in source, decoded)"
clinics,Cleage Clinic,https://cleageclinic.co.uk/,Leeds + Bradford,info@cleageclinic.co.uk,False,claimed email NOT on fetched pages; no emails found (JS-rendered?),4,3,Dr Touileb (Clinical Director),0113 519 7011 (Leeds); 01274 015525 (Bradford),No review count shown on site,"ecommerce,email,form,phone,social_fb,social_ig,social_li,whatsapp","contact_form,booking_widget,whatsapp","Runs dated promotional events (a 'Lip Enhancement Event' 12-14 March, Easter and Valentine's offers) that spike enquiry volume across two sites with a single WhatsApp number.",https://cleageclinic.co.uk/
